advantages, 
	, 43_response.txt, 41_response.txt, 40_response.txt, 31_response.txt, 28_response.txt, 26_response.txt, 23_response.txt, 18_response.txt, 12_response.txt, 0_response.txt, 
0_response.txt, 1.00, 0.00, 0.10, 0.00, 0.10, 0.00, 0.20, 0.00, 0.10, 1.00, 
12_response.txt, 0.10, 0.00, 0.10, 0.00, 0.00, 0.00, 0.00, 0.00, 1.00, 
18_response.txt, 0.00, 0.00, 0.00, 0.00, 0.00, 0.00, 0.00, 1.00, 
23_response.txt, 0.00, 0.00, 0.00, 0.00, 0.00, 0.40, 1.00, 
26_response.txt, 0.00, 0.00, 0.00, 0.00, 0.10, 1.00, 
28_response.txt, 0.20, 0.00, 0.00, 0.10, 1.00, 
31_response.txt, 0.00, 0.00, 0.00, 1.00, 
40_response.txt, 0.10, 0.00, 1.00, 
41_response.txt, 0.00, 1.00, 
43_response.txt, 1.00, 
Approach,
	, 43_response.txt, 41_response.txt, 40_response.txt, 31_response.txt, 28_response.txt, 26_response.txt, 23_response.txt, 18_response.txt, 12_response.txt, 0_response.txt, 
0_response.txt, 0, 0.00, 0.00, 0.00, 0.00, 0.00, 0.00, 0.00, 0.10, 0.80, 1.00, 
12_response.txt, 0.80, 0.00, 0.00, 0.00, 0.00, 0.00, 0.00, 0.10, 1.00, 
18_response.txt, 0.10, 0.10, 0.00, 0.00, 0.00, 0.00, 0.00, 1.00, 
23_response.txt, 0.00, 0.30, 0.00, 0.00, 0.00, 0.00, 1.00, 
26_response.txt, 0.00, 0.10, 0.00, 0.00, 0.00, 1.00, 
28_response.txt, 0.00, 0.00, 0.00, 0.00, 1.00, 
31_response.txt, 0.00, 0.20, 0.00, 1.00, 
40_response.txt, 0.00, 0.00, 1.00, 
41_response.txt, 0.00, 1.00, 
43_response.txt, 1.00, 
Materials,
	, 43_response.txt, 41_response.txt, 40_response.txt, 31_response.txt, 28_response.txt, 26_response.txt, 23_response.txt, 18_response.txt, 12_response.txt, 0_response.txt, 
0_response.txt, 1.00, 0.00, 0.10, 0.10, 0.80, 0.90, 0.20, 0.70, 0.90, 1.00, 
12_response.txt, , 1.00, 0.10, 0.10, 0.80, 0.90, 0.10, 0.70, 1.00, 
18_response.txt, , , 1.00, 0.00, 0.70, 0.70, 0.20, 1.00, 0.70, 
23_response.txt, , , , 1.00, 0.00, 0.00, 1.00, 0.00, 0.20, 
26_response.txt, , , , , 1.00, 0.90, 0.10, 0.70, 0.90, 
28_response.txt, , , , , , 1.00, 0.10, 0.70, 0.80, 
31_response.txt, , , , , , , 1.00, 0.00, 0.10, 
40_response.txt, , , , , , , , 1.00, 0.10, 
41_response.txt, , , , , , , , , 1.00, 
43_response.txt, , , , , , , , , , 1.00, 
metrics, 
	, 43_response.txt, 41_response.txt, 40_response.txt, 31_response.txt, 28_response.txt, 26_response.txt, 23_response.txt, 18_response.txt, 12_response.txt, 0_response.txt, 
0_response.txt, 1.00, 0.10, 0.10, 0.00, 0.10, 0.00, 0.50, 0.10, 0.70, 1.00, 
12_response.txt,  , 0.10, 0.10, 0.00, 0.00, 0.00, 0.50, 0.10, 0.80, 
18_response.txt,  ,  , 0.00, 0.00, 0.00, 0.00, 0.10, 0.10, 0.10, 
23_response.txt,  ,  ,  , 0.00, 0.00, 0.00, 0.60, 0.00, 0.50, 
31_response.txt,  ,  ,  ,  , 0.00, 0.00, 0.00, 0.00, 0.00, 
28_response.txt,  ,  ,  ,  ,  , 0.00, 0.00, 0.00, 0.10, 
26_response.txt,  ,  ,  ,  ,  ,  , 0.00, 0.00, 0.00, 
40_response.txt,  ,  ,  ,  ,  ,  ,  , 0.00, 0.10, 
41_response.txt,  ,  ,  ,  ,  ,  ,  ,  , 0.20, 
43_response.txt,  ,  ,  ,  ,  ,  ,  ,  ,  , 
Problem,
	, 43_response.txt, 41_response.txt, 40_response.txt, 31_response.txt, 28_response.txt, 26_response.txt, 23_response.txt, 18_response.txt, 12_response.txt, 0_response.txt, 
0_response.txt, 1.00, 0.00, 0.00, 0.00, 0.60, 0.00, 0.10, 0.10, 0.30, 1.00, 
12_response.txt, , 1.00, 0.00, 0.00, 0.00, 0.00, 0.00, 0.00, 0.70, 0.30, 
18_response.txt, , , 1.00, 0.00, 0.00, 0.00, 0.00, 1.00, 0.00, 0.10, 
23_response.txt, , , , 1.00, 0.00, 0.00, 1.00, 0.00, 0.00, 0.10, 
26_response.txt, , , , , 1.00, 0.00, 0.00, 0.00, 0.00, 0.00, 
28_response.txt, , , , , , 1.00, 0.00, 0.10, 0.70, 0.60, 
31_response.txt, , , , , , , 1.00, 0.00, 0.00, 0.00, 
40_response.txt, , , , , , , , 1.00, 0.00, 0.00, 
41_response.txt, , , , , , , , , 1.00, 0.00, 
43_response.txt, , , , , , , , , , 1.00, 
Processes, 
	, 43_response.txt, 41_response.txt, 40_response.txt, 31_response.txt, 28_response.txt, 26_response.txt, 23_response.txt, 18_response.txt, 12_response.txt, 0_response.txt, 
0_response.txt, 1.00, 0.00, 0.00, 0.20, 0.40, 0.60, 0.20, 0.50, 0.70, 1.00, 
12_response.txt, , 0.00, 0.00, 0.20, 0.40, 0.60, 0.20, 0.50, 0.70, 1.00, 
18_response.txt, , , 0.00, 0.10, 0.30, 0.50, 0.10, 1.00, 0.60, 0.50, 
23_response.txt, , , , 0.20, 0.10, 0.00, 1.00, 0.10, 0.20, 0.20, 
26_response.txt, , , , , 0.30, 1.00, 0.10, 0.40, 0.70, 0.60, 
28_response.txt, , , , , , 0.40, 0.10, 0.30, 0.50, 0.40, 
31_response.txt, , , , , , , 0.20, 0.20, 0.20, 0.20, 
40_response.txt, , , , , , , , 0.00, 0.00, 0.00, 
41_response.txt, , , , , , , , , 0.10, 0.00, 
43_response.txt, , , , , , , , , , 0.70, 
